Store_Number,Name,Address,City,State,Zip,County,Shield_Project_No,AI_Number,Latitude,Longitude,Route_Number,Route_Group,Route_Order,Round_Trip_Base,Geocode_Match,Geocode_Source,Geocode_Quality,Routing_Method,Google_Maps_Stop,Google_Maps_Coordinate,Google_Maps_Route,Notes
630,Speaks Marathon SPE001,1900 Newtown Pike,Lexington,KY,40511,Fayette,,1035,38.095554515104,-84.486268477911,1,Lexington Road Run 1: KY · Speaks Marathon SPE001 to Bethel,1,"Lexington, KY","1900 NEWTOWN PIKE, LEXINGTON, KY, 40511",US Census geocoder,matched,Road-distance optimized using OSRM road network,https://www.google.com/maps/search/?api=1&query=38.095554515104%2C-84.486268477911,https://www.google.com/maps/search/?api=1&query=38.095554515104%2C-84.486268477911,"https://www.google.com/maps/dir/?api=1&origin=Lexington%2C+KY&destination=Lexington%2C+KY&travelmode=driving&waypoints=38.095554515104,-84.486268477911|38.231091196337,-84.535236638363|38.275301338024,-84.554902721280|38.214590499843,-84.540149815420|38.208788963860,-84.594553294954|38.162024093287,-84.676410982831|38.187688429852,-84.810980108947|38.044728168080,-84.663965360438|37.996863197986,-84.548270113657|37.948611000000,-84.541944000000",No previous Phase I
84,Connector Rd,480 Connector Rd,Georgetown,KY,40324,Scott,125-1390,58082,38.231091196337,-84.535236638363,1,Lexington Road Run 1: KY · Speaks Marathon SPE001 to Bethel,2,"Lexington, KY","480 CONNECTOR RD, GEORGETOWN, KY, 40324",US Census geocoder,matched,Road-distance optimized using OSRM road network,https://www.google.com/maps/search/?api=1&query=38.231091196337%2C-84.535236638363,https://www.google.com/maps/search/?api=1&query=38.231091196337%2C-84.535236638363,"https://www.google.com/maps/dir/?api=1&origin=Lexington%2C+KY&destination=Lexington%2C+KY&travelmode=driving&waypoints=38.095554515104,-84.486268477911|38.231091196337,-84.535236638363|38.275301338024,-84.554902721280|38.214590499843,-84.540149815420|38.208788963860,-84.594553294954|38.162024093287,-84.676410982831|38.187688429852,-84.810980108947|38.044728168080,-84.663965360438|37.996863197986,-84.548270113657|37.948611000000,-84.541944000000",
82,Georgetown,381 Cherry Blossom Way,Georgetown,KY,40324,Scott,125-1390,166842,38.275301338024,-84.55490272128,1,Lexington Road Run 1: KY · Speaks Marathon SPE001 to Bethel,3,"Lexington, KY","381 CHERRY BLOSSOM WAY, GEORGETOWN, KY, 40324",US Census geocoder,matched,Road-distance optimized using OSRM road network,https://www.google.com/maps/search/?api=1&query=38.275301338024%2C-84.554902721280,https://www.google.com/maps/search/?api=1&query=38.275301338024%2C-84.554902721280,"https://www.google.com/maps/dir/?api=1&origin=Lexington%2C+KY&destination=Lexington%2C+KY&travelmode=driving&waypoints=38.095554515104,-84.486268477911|38.231091196337,-84.535236638363|38.275301338024,-84.554902721280|38.214590499843,-84.540149815420|38.208788963860,-84.594553294954|38.162024093287,-84.676410982831|38.187688429852,-84.810980108947|38.044728168080,-84.663965360438|37.996863197986,-84.548270113657|37.948611000000,-84.541944000000",
83,Georgetown,2001 Paris Pike,Georgetown,KY,40324,Scott,125-1390,58051,38.214590499843,-84.54014981542,1,Lexington Road Run 1: KY · Speaks Marathon SPE001 to Bethel,4,"Lexington, KY","2001 PARIS PIKE, GEORGETOWN, KY, 40324",US Census geocoder,matched,Road-distance optimized using OSRM road network,https://www.google.com/maps/search/?api=1&query=38.214590499843%2C-84.540149815420,https://www.google.com/maps/search/?api=1&query=38.214590499843%2C-84.540149815420,"https://www.google.com/maps/dir/?api=1&origin=Lexington%2C+KY&destination=Lexington%2C+KY&travelmode=driving&waypoints=38.095554515104,-84.486268477911|38.231091196337,-84.535236638363|38.275301338024,-84.554902721280|38.214590499843,-84.540149815420|38.208788963860,-84.594553294954|38.162024093287,-84.676410982831|38.187688429852,-84.810980108947|38.044728168080,-84.663965360438|37.996863197986,-84.548270113657|37.948611000000,-84.541944000000",
85,Canewood,100 Canewood Ctr Dr,Georgetown,KY,40324,Scott,125-1390,58082,38.20878896386,-84.594553294954,1,Lexington Road Run 1: KY · Speaks Marathon SPE001 to Bethel,5,"Lexington, KY","100 CANEWOOD CENTER DR, GEORGETOWN, KY, 40324",US Census geocoder,matched,Road-distance optimized using OSRM road network,https://www.google.com/maps/search/?api=1&query=38.208788963860%2C-84.594553294954,https://www.google.com/maps/search/?api=1&query=38.208788963860%2C-84.594553294954,"https://www.google.com/maps/dir/?api=1&origin=Lexington%2C+KY&destination=Lexington%2C+KY&travelmode=driving&waypoints=38.095554515104,-84.486268477911|38.231091196337,-84.535236638363|38.275301338024,-84.554902721280|38.214590499843,-84.540149815420|38.208788963860,-84.594553294954|38.162024093287,-84.676410982831|38.187688429852,-84.810980108947|38.044728168080,-84.663965360438|37.996863197986,-84.548270113657|37.948611000000,-84.541944000000",
77,Midway,300 Lacefield St,Midway,KY,40347,Woodford,125-1390,175764,38.162024093287,-84.676410982831,1,Lexington Road Run 1: KY · Speaks Marathon SPE001 to Bethel,6,"Lexington, KY","300 LACEFIELD ST, MIDWAY, KY, 40347",US Census geocoder,matched,Road-distance optimized using OSRM road network,https://www.google.com/maps/search/?api=1&query=38.162024093287%2C-84.676410982831,https://www.google.com/maps/search/?api=1&query=38.162024093287%2C-84.676410982831,"https://www.google.com/maps/dir/?api=1&origin=Lexington%2C+KY&destination=Lexington%2C+KY&travelmode=driving&waypoints=38.095554515104,-84.486268477911|38.231091196337,-84.535236638363|38.275301338024,-84.554902721280|38.214590499843,-84.540149815420|38.208788963860,-84.594553294954|38.162024093287,-84.676410982831|38.187688429852,-84.810980108947|38.044728168080,-84.663965360438|37.996863197986,-84.548270113657|37.948611000000,-84.541944000000",
88,Frankfort,100 Isaac Shelby Cir W,Frankfort,KY,40601,Franklin,125-1390,174632,38.187688429852,-84.810980108947,1,Lexington Road Run 1: KY · Speaks Marathon SPE001 to Bethel,7,"Lexington, KY","100 ISAAC SHELBY CIR W, FRANKFORT, KY, 40601",US Census geocoder,matched,Road-distance optimized using OSRM road network,https://www.google.com/maps/search/?api=1&query=38.187688429852%2C-84.810980108947,https://www.google.com/maps/search/?api=1&query=38.187688429852%2C-84.810980108947,"https://www.google.com/maps/dir/?api=1&origin=Lexington%2C+KY&destination=Lexington%2C+KY&travelmode=driving&waypoints=38.095554515104,-84.486268477911|38.231091196337,-84.535236638363|38.275301338024,-84.554902721280|38.214590499843,-84.540149815420|38.208788963860,-84.594553294954|38.162024093287,-84.676410982831|38.187688429852,-84.810980108947|38.044728168080,-84.663965360438|37.996863197986,-84.548270113657|37.948611000000,-84.541944000000",
86,Versailles,3590 Lexington Rd,Versailles,KY,40383,Woodford,125-1390,57519,38.04472816808,-84.663965360438,1,Lexington Road Run 1: KY · Speaks Marathon SPE001 to Bethel,8,"Lexington, KY","3590 LEXINGTON RD, VERSAILLES, KY, 40383",US Census geocoder,matched,Road-distance optimized using OSRM road network,https://www.google.com/maps/search/?api=1&query=38.044728168080%2C-84.663965360438,https://www.google.com/maps/search/?api=1&query=38.044728168080%2C-84.663965360438,"https://www.google.com/maps/dir/?api=1&origin=Lexington%2C+KY&destination=Lexington%2C+KY&travelmode=driving&waypoints=38.095554515104,-84.486268477911|38.231091196337,-84.535236638363|38.275301338024,-84.554902721280|38.214590499843,-84.540149815420|38.208788963860,-84.594553294954|38.162024093287,-84.676410982831|38.187688429852,-84.810980108947|38.044728168080,-84.663965360438|37.996863197986,-84.548270113657|37.948611000000,-84.541944000000",
53,Clays Mill Rd,3334 Clays Mill Road,Lexington,KY,40503,Fayette,125-1390,62191,37.996863197986,-84.548270113657,1,Lexington Road Run 1: KY · Speaks Marathon SPE001 to Bethel,9,"Lexington, KY","3334 CLAYS MILL RD, LEXINGTON, KY, 40503",US Census geocoder,matched,Road-distance optimized using OSRM road network,https://www.google.com/maps/search/?api=1&query=37.996863197986%2C-84.548270113657,https://www.google.com/maps/search/?api=1&query=37.996863197986%2C-84.548270113657,"https://www.google.com/maps/dir/?api=1&origin=Lexington%2C+KY&destination=Lexington%2C+KY&travelmode=driving&waypoints=38.095554515104,-84.486268477911|38.231091196337,-84.535236638363|38.275301338024,-84.554902721280|38.214590499843,-84.540149815420|38.208788963860,-84.594553294954|38.162024093287,-84.676410982831|38.187688429852,-84.810980108947|38.044728168080,-84.663965360438|37.996863197986,-84.548270113657|37.948611000000,-84.541944000000",
78,Bethel,100 Bethel Harvest Drive,Nicholsville,KY,40356,Jessamine,125-1390,175133,37.948611,-84.541944,1,Lexington Road Run 1: KY · Speaks Marathon SPE001 to Bethel,10,"Lexington, KY","Clarks Pump N Shop #78, 100 Bethel Harvest Way, Nicholasville",KY TEMPO Agency Interests,AI geometry,Road-distance optimized using OSRM road network,https://www.google.com/maps/search/?api=1&query=37.948611000000%2C-84.541944000000,https://www.google.com/maps/search/?api=1&query=37.948611000000%2C-84.541944000000,"https://www.google.com/maps/dir/?api=1&origin=Lexington%2C+KY&destination=Lexington%2C+KY&travelmode=driving&waypoints=38.095554515104,-84.486268477911|38.231091196337,-84.535236638363|38.275301338024,-84.554902721280|38.214590499843,-84.540149815420|38.208788963860,-84.594553294954|38.162024093287,-84.676410982831|38.187688429852,-84.810980108947|38.044728168080,-84.663965360438|37.996863197986,-84.548270113657|37.948611000000,-84.541944000000",
41,Piketon,833 Beaver Creek Rd,Piketon,OH,45661,Pike,125-1390,,39.052316984237,-82.993719639181,2,Lexington Road Run 2: KY/OH · Piketon to North Broadway,1,"Lexington, KY","833 E BEAVER CREEK RD, PIKETON, OH, 45661",US Census geocoder,matched,Road-distance optimized using OSRM road network,https://www.google.com/maps/search/?api=1&query=39.052316984237%2C-82.993719639181,https://www.google.com/maps/search/?api=1&query=39.052316984237%2C-82.993719639181,"https://www.google.com/maps/dir/?api=1&origin=Lexington%2C+KY&destination=Lexington%2C+KY&travelmode=driving&waypoints=39.052316984237,-82.993719639181|39.130347338190,-82.980519890875|38.740186694551,-82.964136887993|38.542704717141,-83.345220628916|38.591500000000,-83.326361000000|38.421082757408,-83.732379403989|38.420753431938,-83.760384171910|38.075151859626,-84.457642913927",
39,Waverly,506 E Emmitt,Waverly,OH,45690,Pike,125-1390,,39.13034733819,-82.980519890875,2,Lexington Road Run 2: KY/OH · Piketon to North Broadway,2,"Lexington, KY","506 E EMMITT AVE, WAVERLY, OH, 45690",US Census geocoder,matched,Road-distance optimized using OSRM road network,https://www.google.com/maps/search/?api=1&query=39.130347338190%2C-82.980519890875,https://www.google.com/maps/search/?api=1&query=39.130347338190%2C-82.980519890875,"https://www.google.com/maps/dir/?api=1&origin=Lexington%2C+KY&destination=Lexington%2C+KY&travelmode=driving&waypoints=39.052316984237,-82.993719639181|39.130347338190,-82.980519890875|38.740186694551,-82.964136887993|38.542704717141,-83.345220628916|38.591500000000,-83.326361000000|38.421082757408,-83.732379403989|38.420753431938,-83.760384171910|38.075151859626,-84.457642913927",
55,Portsmouth,2626 Gallia St,Portsmouth,OH,45662,Scioto,125-1390,,38.740186694551,-82.964136887993,2,Lexington Road Run 2: KY/OH · Piketon to North Broadway,3,"Lexington, KY","2626 GALLIA ST, PORTSMOUTH, OH, 45662",US Census geocoder,matched,Road-distance optimized using OSRM road network,https://www.google.com/maps/search/?api=1&query=38.740186694551%2C-82.964136887993,https://www.google.com/maps/search/?api=1&query=38.740186694551%2C-82.964136887993,"https://www.google.com/maps/dir/?api=1&origin=Lexington%2C+KY&destination=Lexington%2C+KY&travelmode=driving&waypoints=39.052316984237,-82.993719639181|39.130347338190,-82.980519890875|38.740186694551,-82.964136887993|38.542704717141,-83.345220628916|38.591500000000,-83.326361000000|38.421082757408,-83.732379403989|38.420753431938,-83.760384171910|38.075151859626,-84.457642913927",
BP58,Vanceburg,241 Clarksburg Road,Vanceburg,KY,41179,Lewis,125-1390,2698,38.542704717141,-83.345220628916,2,Lexington Road Run 2: KY/OH · Piketon to North Broadway,4,"Lexington, KY","241 CLARKSBURG BR RD, VANCEBURG, KY, 41179",US Census geocoder,matched,Road-distance optimized using OSRM road network,https://www.google.com/maps/search/?api=1&query=38.542704717141%2C-83.345220628916,https://www.google.com/maps/search/?api=1&query=38.542704717141%2C-83.345220628916,"https://www.google.com/maps/dir/?api=1&origin=Lexington%2C+KY&destination=Lexington%2C+KY&travelmode=driving&waypoints=39.052316984237,-82.993719639181|39.130347338190,-82.980519890875|38.740186694551,-82.964136887993|38.542704717141,-83.345220628916|38.591500000000,-83.326361000000|38.421082757408,-83.732379403989|38.420753431938,-83.760384171910|38.075151859626,-84.457642913927",
47,Vanceburg,67 Commercial Drive,Vanceburg,KY,41179,Lewis,125-1390,59879,38.5915,-83.326361,2,Lexington Road Run 2: KY/OH · Piketon to North Broadway,5,"Lexington, KY","Bee Mart Express, 67 Commercial Dr, Vanceburg",KY TEMPO Agency Interests,AI geometry,Road-distance optimized using OSRM road network,https://www.google.com/maps/search/?api=1&query=38.591500000000%2C-83.326361000000,https://www.google.com/maps/search/?api=1&query=38.591500000000%2C-83.326361000000,"https://www.google.com/maps/dir/?api=1&origin=Lexington%2C+KY&destination=Lexington%2C+KY&travelmode=driving&waypoints=39.052316984237,-82.993719639181|39.130347338190,-82.980519890875|38.740186694551,-82.964136887993|38.542704717141,-83.345220628916|38.591500000000,-83.326361000000|38.421082757408,-83.732379403989|38.420753431938,-83.760384171910|38.075151859626,-84.457642913927",
18,Flemingsburg,150  East Water St,Flemingsburg,KY,41041,Fleming,125-1390,61983,38.421082757408,-83.732379403989,2,Lexington Road Run 2: KY/OH · Piketon to North Broadway,6,"Lexington, KY","150 E WATER ST, FLEMINGSBURG, KY, 41041",US Census geocoder,matched,Road-distance optimized using OSRM road network,https://www.google.com/maps/search/?api=1&query=38.421082757408%2C-83.732379403989,https://www.google.com/maps/search/?api=1&query=38.421082757408%2C-83.732379403989,"https://www.google.com/maps/dir/?api=1&origin=Lexington%2C+KY&destination=Lexington%2C+KY&travelmode=driving&waypoints=39.052316984237,-82.993719639181|39.130347338190,-82.980519890875|38.740186694551,-82.964136887993|38.542704717141,-83.345220628916|38.591500000000,-83.326361000000|38.421082757408,-83.732379403989|38.420753431938,-83.760384171910|38.075151859626,-84.457642913927",
BP39,Flemingsburg,1306 Elizaville Road,Flemingsburg,KY,41041,Fleming,125-1390,1116,38.420753431938,-83.76038417191,2,Lexington Road Run 2: KY/OH · Piketon to North Broadway,7,"Lexington, KY","1306 ELIZAVILLE RD, FLEMINGSBURG, KY, 41041",US Census geocoder,matched,Road-distance optimized using OSRM road network,https://www.google.com/maps/search/?api=1&query=38.420753431938%2C-83.760384171910,https://www.google.com/maps/search/?api=1&query=38.420753431938%2C-83.760384171910,"https://www.google.com/maps/dir/?api=1&origin=Lexington%2C+KY&destination=Lexington%2C+KY&travelmode=driving&waypoints=39.052316984237,-82.993719639181|39.130347338190,-82.980519890875|38.740186694551,-82.964136887993|38.542704717141,-83.345220628916|38.591500000000,-83.326361000000|38.421082757408,-83.732379403989|38.420753431938,-83.760384171910|38.075151859626,-84.457642913927",
36,North Broadway,1971 North Broadway,Lexington,KY,40505,Fayette,125-1390,62185,38.075151859626,-84.457642913927,2,Lexington Road Run 2: KY/OH · Piketon to North Broadway,8,"Lexington, KY","1971 N BROADWAY RD, LEXINGTON, KY, 40505",US Census geocoder,matched,Road-distance optimized using OSRM road network,https://www.google.com/maps/search/?api=1&query=38.075151859626%2C-84.457642913927,https://www.google.com/maps/search/?api=1&query=38.075151859626%2C-84.457642913927,"https://www.google.com/maps/dir/?api=1&origin=Lexington%2C+KY&destination=Lexington%2C+KY&travelmode=driving&waypoints=39.052316984237,-82.993719639181|39.130347338190,-82.980519890875|38.740186694551,-82.964136887993|38.542704717141,-83.345220628916|38.591500000000,-83.326361000000|38.421082757408,-83.732379403989|38.420753431938,-83.760384171910|38.075151859626,-84.457642913927",
10,Jackson,90 Twin Oaks Drive,Jackson,OH,45640,"Jackson, OH",125-1390,,39.031609936964,-82.63715334632,3,Lexington Road Run 3: OH/WV · Jackson to West Hamlin,1,"Lexington, KY","90 TWIN OAKS DR, JACKSON, OH, 45640",US Census geocoder,matched,Road-distance optimized using OSRM road network,https://www.google.com/maps/search/?api=1&query=39.031609936964%2C-82.637153346320,https://www.google.com/maps/search/?api=1&query=39.031609936964%2C-82.637153346320,"https://www.google.com/maps/dir/?api=1&origin=Lexington%2C+KY&destination=Lexington%2C+KY&travelmode=driving&waypoints=39.031609936964,-82.637153346320|39.248450625239,-82.488051895609|39.244278721230,-82.479262629688|38.901099872080,-82.569178716707|38.885481000000,-82.376628000000|38.832941465338,-82.155423543231|38.556787021856,-81.971688650872|38.271012196072,-82.200838089499",
BP86,McArthur,637 W. Main Street,McArthur,OH,45651,Vinton,125-1390,,39.248450625239,-82.488051895609,3,Lexington Road Run 3: OH/WV · Jackson to West Hamlin,2,"Lexington, KY","637 W MAIN ST, MC ARTHUR, OH, 45651",US Census geocoder,matched,Road-distance optimized using OSRM road network,https://www.google.com/maps/search/?api=1&query=39.248450625239%2C-82.488051895609,https://www.google.com/maps/search/?api=1&query=39.248450625239%2C-82.488051895609,"https://www.google.com/maps/dir/?api=1&origin=Lexington%2C+KY&destination=Lexington%2C+KY&travelmode=driving&waypoints=39.031609936964,-82.637153346320|39.248450625239,-82.488051895609|39.244278721230,-82.479262629688|38.901099872080,-82.569178716707|38.885481000000,-82.376628000000|38.832941465338,-82.155423543231|38.556787021856,-81.971688650872|38.271012196072,-82.200838089499",
19,McArthur,301 S. Market St,McArthur,OH,45651,Vinton,125-1390,,39.24427872123,-82.479262629688,3,Lexington Road Run 3: OH/WV · Jackson to West Hamlin,3,"Lexington, KY","301 S MARKET ST, MC ARTHUR, OH, 45651",US Census geocoder,matched,Road-distance optimized using OSRM road network,https://www.google.com/maps/search/?api=1&query=39.244278721230%2C-82.479262629688,https://www.google.com/maps/search/?api=1&query=39.244278721230%2C-82.479262629688,"https://www.google.com/maps/dir/?api=1&origin=Lexington%2C+KY&destination=Lexington%2C+KY&travelmode=driving&waypoints=39.031609936964,-82.637153346320|39.248450625239,-82.488051895609|39.244278721230,-82.479262629688|38.901099872080,-82.569178716707|38.885481000000,-82.376628000000|38.832941465338,-82.155423543231|38.556787021856,-81.971688650872|38.271012196072,-82.200838089499",
07,Oak Hill,199 N Jackson St.,Oak Hill,OH,45656,"Jackson, OH",125-1390,,38.90109987208,-82.569178716707,3,Lexington Road Run 3: OH/WV · Jackson to West Hamlin,4,"Lexington, KY","199 N JACKSON ST, OAK HILL, OH, 45656",US Census geocoder,matched,Road-distance optimized using OSRM road network,https://www.google.com/maps/search/?api=1&query=38.901099872080%2C-82.569178716707,https://www.google.com/maps/search/?api=1&query=38.901099872080%2C-82.569178716707,"https://www.google.com/maps/dir/?api=1&origin=Lexington%2C+KY&destination=Lexington%2C+KY&travelmode=driving&waypoints=39.031609936964,-82.637153346320|39.248450625239,-82.488051895609|39.244278721230,-82.479262629688|38.901099872080,-82.569178716707|38.885481000000,-82.376628000000|38.832941465338,-82.155423543231|38.556787021856,-81.971688650872|38.271012196072,-82.200838089499",
30,Rio Grande,11381 St Rt 588,Rio Grande,OH,45674,Gallia,125-1390,,38.885481,-82.376628,3,Lexington Road Run 3: OH/WV · Jackson to West Hamlin,5,"Lexington, KY",Manual pin from Robert,User provided coordinates,Manual verified,Road-distance optimized using OSRM road network,https://www.google.com/maps/search/?api=1&query=38.885481000000%2C-82.376628000000,https://www.google.com/maps/search/?api=1&query=38.885481000000%2C-82.376628000000,"https://www.google.com/maps/dir/?api=1&origin=Lexington%2C+KY&destination=Lexington%2C+KY&travelmode=driving&waypoints=39.031609936964,-82.637153346320|39.248450625239,-82.488051895609|39.244278721230,-82.479262629688|38.901099872080,-82.569178716707|38.885481000000,-82.376628000000|38.832941465338,-82.155423543231|38.556787021856,-81.971688650872|38.271012196072,-82.200838089499",
JC128,Whittington's (Mike Eblin),309 Upper River Rd,Gallipolis,OH,45631,Gallia,,,38.832941465338,-82.155423543231,3,Lexington Road Run 3: OH/WV · Jackson to West Hamlin,6,"Lexington, KY","309 UPPER RIVER RD, GALLIPOLIS, OH, 45631",US Census geocoder,matched,Road-distance optimized using OSRM road network,https://www.google.com/maps/search/?api=1&query=38.832941465338%2C-82.155423543231,https://www.google.com/maps/search/?api=1&query=38.832941465338%2C-82.155423543231,"https://www.google.com/maps/dir/?api=1&origin=Lexington%2C+KY&destination=Lexington%2C+KY&travelmode=driving&waypoints=39.031609936964,-82.637153346320|39.248450625239,-82.488051895609|39.244278721230,-82.479262629688|38.901099872080,-82.569178716707|38.885481000000,-82.376628000000|38.832941465338,-82.155423543231|38.556787021856,-81.971688650872|38.271012196072,-82.200838089499",No previous Phase I
13,Fraziers Bottom,17513 Winfield Road,Winfield,WV,25213,Putnam,125-1390,,38.556787021856,-81.971688650872,3,Lexington Road Run 3: OH/WV · Jackson to West Hamlin,7,"Lexington, KY","17513 WINFIELD RD, WINFIELD, WV, 25213",US Census geocoder,matched,Road-distance optimized using OSRM road network,https://www.google.com/maps/search/?api=1&query=38.556787021856%2C-81.971688650872,https://www.google.com/maps/search/?api=1&query=38.556787021856%2C-81.971688650872,"https://www.google.com/maps/dir/?api=1&origin=Lexington%2C+KY&destination=Lexington%2C+KY&travelmode=driving&waypoints=39.031609936964,-82.637153346320|39.248450625239,-82.488051895609|39.244278721230,-82.479262629688|38.901099872080,-82.569178716707|38.885481000000,-82.376628000000|38.832941465338,-82.155423543231|38.556787021856,-81.971688650872|38.271012196072,-82.200838089499",
09,West Hamlin,5742 McClellan HWY,Branchland,WV,25506,Lincoln,125-1390,,38.271012196072,-82.200838089499,3,Lexington Road Run 3: OH/WV · Jackson to West Hamlin,8,"Lexington, KY","5742 MCCLELLAN HWY, BRANCHLAND, WV, 25506",US Census geocoder,matched,Road-distance optimized using OSRM road network,https://www.google.com/maps/search/?api=1&query=38.271012196072%2C-82.200838089499,https://www.google.com/maps/search/?api=1&query=38.271012196072%2C-82.200838089499,"https://www.google.com/maps/dir/?api=1&origin=Lexington%2C+KY&destination=Lexington%2C+KY&travelmode=driving&waypoints=39.031609936964,-82.637153346320|39.248450625239,-82.488051895609|39.244278721230,-82.479262629688|38.901099872080,-82.569178716707|38.885481000000,-82.376628000000|38.832941465338,-82.155423543231|38.556787021856,-81.971688650872|38.271012196072,-82.200838089499",
34,Portsmouth,3008 Scioto Trail,Portsmouth,OH,45662,Scioto,125-1390,,38.759178801902,-82.990515740301,4,Lexington Road Run 4: KY/OH · Portsmouth to Greenup,1,"Lexington, KY","3008 SCIOTO TRL, PORTSMOUTH, OH, 45662",US Census geocoder,matched,Road-distance optimized using OSRM road network,https://www.google.com/maps/search/?api=1&query=38.759178801902%2C-82.990515740301,https://www.google.com/maps/search/?api=1&query=38.759178801902%2C-82.990515740301,"https://www.google.com/maps/dir/?api=1&origin=Lexington%2C+KY&destination=Lexington%2C+KY&travelmode=driving&waypoints=38.759178801902,-82.990515740301|38.721005400000,-82.961841100000|38.776967637737,-82.944043199716|38.728742215953,-82.844277520279|38.728867208675,-82.859666512065|38.646948800000,-82.860566100000|38.569492553280,-82.832644518509|38.560965000000,-82.807930500000",
40,South Shore,28248 US 23,South Shore,KY,41175,Greenup,125-1390,61441,38.7210054,-82.9618411,4,Lexington Road Run 4: KY/OH · Portsmouth to Greenup,2,"Lexington, KY","US 23, Fullerton, South Shore, Greenup County, Kentucky, 41175, United States",OpenStreetMap Nominatim fallback,trunk,Road-distance optimized using OSRM road network,https://www.google.com/maps/search/?api=1&query=38.721005400000%2C-82.961841100000,https://www.google.com/maps/search/?api=1&query=38.721005400000%2C-82.961841100000,"https://www.google.com/maps/dir/?api=1&origin=Lexington%2C+KY&destination=Lexington%2C+KY&travelmode=driving&waypoints=38.759178801902,-82.990515740301|38.721005400000,-82.961841100000|38.776967637737,-82.944043199716|38.728742215953,-82.844277520279|38.728867208675,-82.859666512065|38.646948800000,-82.860566100000|38.569492553280,-82.832644518509|38.560965000000,-82.807930500000",
45,Rosemount Rd,1701 State Route 139,Portsmouth,OH,45662,Scioto,125-1390,,38.776967637737,-82.944043199716,4,Lexington Road Run 4: KY/OH · Portsmouth to Greenup,3,"Lexington, KY","1701 STATE RTE 139, PORTSMOUTH, OH, 45662",US Census geocoder,matched,Road-distance optimized using OSRM road network,https://www.google.com/maps/search/?api=1&query=38.776967637737%2C-82.944043199716,https://www.google.com/maps/search/?api=1&query=38.776967637737%2C-82.944043199716,"https://www.google.com/maps/dir/?api=1&origin=Lexington%2C+KY&destination=Lexington%2C+KY&travelmode=driving&waypoints=38.759178801902,-82.990515740301|38.721005400000,-82.961841100000|38.776967637737,-82.944043199716|38.728742215953,-82.844277520279|38.728867208675,-82.859666512065|38.646948800000,-82.860566100000|38.569492553280,-82.832644518509|38.560965000000,-82.807930500000",
,Center,313 Center Street,Wheelersburg,OH,45662,Scioto,,,38.728742215953,-82.844277520279,4,Lexington Road Run 4: KY/OH · Portsmouth to Greenup,4,"Lexington, KY","313 CENTER ST, WHEELERSBURG, OH, 45694",US Census geocoder,matched,Road-distance optimized using OSRM road network,https://www.google.com/maps/search/?api=1&query=38.728742215953%2C-82.844277520279,https://www.google.com/maps/search/?api=1&query=38.728742215953%2C-82.844277520279,"https://www.google.com/maps/dir/?api=1&origin=Lexington%2C+KY&destination=Lexington%2C+KY&travelmode=driving&waypoints=38.759178801902,-82.990515740301|38.721005400000,-82.961841100000|38.776967637737,-82.944043199716|38.728742215953,-82.844277520279|38.728867208675,-82.859666512065|38.646948800000,-82.860566100000|38.569492553280,-82.832644518509|38.560965000000,-82.807930500000",
33,Wheelersburg,312 Center St,Wheelersburg,OH,45694,Scioto,125-1390,,38.728867208675,-82.859666512065,4,Lexington Road Run 4: KY/OH · Portsmouth to Greenup,5,"Lexington, KY","312 CENTER ST, WHEELERSBURG, OH, 45694",US Census geocoder,matched,Road-distance optimized using OSRM road network,https://www.google.com/maps/search/?api=1&query=38.728867208675%2C-82.859666512065,https://www.google.com/maps/search/?api=1&query=38.728867208675%2C-82.859666512065,"https://www.google.com/maps/dir/?api=1&origin=Lexington%2C+KY&destination=Lexington%2C+KY&travelmode=driving&waypoints=38.759178801902,-82.990515740301|38.721005400000,-82.961841100000|38.776967637737,-82.944043199716|38.728742215953,-82.844277520279|38.728867208675,-82.859666512065|38.646948800000,-82.860566100000|38.569492553280,-82.832644518509|38.560965000000,-82.807930500000",
72,Lloyd,1233 KY 10,Greenup,KY,41144,Greenup,125-1390,61463,38.6469488,-82.8605661,4,Lexington Road Run 4: KY/OH · Portsmouth to Greenup,6,"Lexington, KY","Jesse Stuart Memorial Bridge, Grays Branch, Green Township, Greenup County, Kentucky, 45629, United States",OpenStreetMap Nominatim fallback,trunk,Road-distance optimized using OSRM road network,https://www.google.com/maps/search/?api=1&query=38.646948800000%2C-82.860566100000,https://www.google.com/maps/search/?api=1&query=38.646948800000%2C-82.860566100000,"https://www.google.com/maps/dir/?api=1&origin=Lexington%2C+KY&destination=Lexington%2C+KY&travelmode=driving&waypoints=38.759178801902,-82.990515740301|38.721005400000,-82.961841100000|38.776967637737,-82.944043199716|38.728742215953,-82.844277520279|38.728867208675,-82.859666512065|38.646948800000,-82.860566100000|38.569492553280,-82.832644518509|38.560965000000,-82.807930500000",
03,Greenup,1024 Seaton Avenue,Greenup,KY,41144,Greenup,125-1390,61504,38.56949255328,-82.832644518509,4,Lexington Road Run 4: KY/OH · Portsmouth to Greenup,7,"Lexington, KY","1024 SEATON AVE, GREENUP, KY, 41144",US Census geocoder,matched,Road-distance optimized using OSRM road network,https://www.google.com/maps/search/?api=1&query=38.569492553280%2C-82.832644518509,https://www.google.com/maps/search/?api=1&query=38.569492553280%2C-82.832644518509,"https://www.google.com/maps/dir/?api=1&origin=Lexington%2C+KY&destination=Lexington%2C+KY&travelmode=driving&waypoints=38.759178801902,-82.990515740301|38.721005400000,-82.961841100000|38.776967637737,-82.944043199716|38.728742215953,-82.844277520279|38.728867208675,-82.859666512065|38.646948800000,-82.860566100000|38.569492553280,-82.832644518509|38.560965000000,-82.807930500000",
05,Greenup,1735 Ashland Road,Greenup,KY,41144,Greenup,125-1390,61499,38.560965,-82.8079305,4,Lexington Road Run 4: KY/OH · Portsmouth to Greenup,8,"Lexington, KY","Ashland Road, Greenup County, Kentucky, 41144, United States",OpenStreetMap Nominatim fallback,residential,Road-distance optimized using OSRM road network,https://www.google.com/maps/search/?api=1&query=38.560965000000%2C-82.807930500000,https://www.google.com/maps/search/?api=1&query=38.560965000000%2C-82.807930500000,"https://www.google.com/maps/dir/?api=1&origin=Lexington%2C+KY&destination=Lexington%2C+KY&travelmode=driving&waypoints=38.759178801902,-82.990515740301|38.721005400000,-82.961841100000|38.776967637737,-82.944043199716|38.728742215953,-82.844277520279|38.728867208675,-82.859666512065|38.646948800000,-82.860566100000|38.569492553280,-82.832644518509|38.560965000000,-82.807930500000",
,J & R Diesel,849 Winslow Road,Ashland,KY,41101,Boyd,,56924,38.4572429,-82.676784,5,Lexington Road Run 5: KY · J & R Diesel to Burnaugh,1,"Lexington, KY","Winslow Road, Ashland, Boyd County, Kentucky, 41102, United States",OpenStreetMap Nominatim fallback,residential,Road-distance optimized using OSRM road network,https://www.google.com/maps/search/?api=1&query=38.457242900000%2C-82.676784000000,https://www.google.com/maps/search/?api=1&query=38.457242900000%2C-82.676784000000,"https://www.google.com/maps/dir/?api=1&origin=Lexington%2C+KY&destination=Lexington%2C+KY&travelmode=driving&waypoints=38.457242900000,-82.676784000000|38.484153564920,-82.671589257474|38.477310566334,-82.667076176391|38.460700725412,-82.640525070666|38.466307526567,-82.627889024055|38.469961530846,-82.621550048531|38.439280286381,-82.609004376435|38.399014900000,-82.600931800000",No previous Phase I
01,Westwood,1805 Main Street,Ashland,KY,41102,Boyd,125-1390,56938,38.48415356492,-82.671589257474,5,Lexington Road Run 5: KY · J & R Diesel to Burnaugh,2,"Lexington, KY","1805 MAIN ST W, ASHLAND, KY, 41102",US Census geocoder,matched,Road-distance optimized using OSRM road network,https://www.google.com/maps/search/?api=1&query=38.484153564920%2C-82.671589257474,https://www.google.com/maps/search/?api=1&query=38.484153564920%2C-82.671589257474,"https://www.google.com/maps/dir/?api=1&origin=Lexington%2C+KY&destination=Lexington%2C+KY&travelmode=driving&waypoints=38.457242900000,-82.676784000000|38.484153564920,-82.671589257474|38.477310566334,-82.667076176391|38.460700725412,-82.640525070666|38.466307526567,-82.627889024055|38.469961530846,-82.621550048531|38.439280286381,-82.609004376435|38.399014900000,-82.600931800000",
,Ashland Office,101 Wheatley Road,Ashland,KY,41101,Boyd,,332,38.477310566334,-82.667076176391,5,Lexington Road Run 5: KY · J & R Diesel to Burnaugh,3,"Lexington, KY","101 WHEATLEY RD, ASHLAND, KY, 41101",US Census geocoder,matched,Road-distance optimized using OSRM road network,https://www.google.com/maps/search/?api=1&query=38.477310566334%2C-82.667076176391,https://www.google.com/maps/search/?api=1&query=38.477310566334%2C-82.667076176391,"https://www.google.com/maps/dir/?api=1&origin=Lexington%2C+KY&destination=Lexington%2C+KY&travelmode=driving&waypoints=38.457242900000,-82.676784000000|38.484153564920,-82.671589257474|38.477310566334,-82.667076176391|38.460700725412,-82.640525070666|38.466307526567,-82.627889024055|38.469961530846,-82.621550048531|38.439280286381,-82.609004376435|38.399014900000,-82.600931800000",No previous Phase I
71,29th Street,1920 29th St,Ashland,KY,41101,Boyd,125-1390,56939,38.460700725412,-82.640525070666,5,Lexington Road Run 5: KY · J & R Diesel to Burnaugh,4,"Lexington, KY","1920 29TH ST, ASHLAND, KY, 41101",US Census geocoder,matched,Road-distance optimized using OSRM road network,https://www.google.com/maps/search/?api=1&query=38.460700725412%2C-82.640525070666,https://www.google.com/maps/search/?api=1&query=38.460700725412%2C-82.640525070666,"https://www.google.com/maps/dir/?api=1&origin=Lexington%2C+KY&destination=Lexington%2C+KY&travelmode=driving&waypoints=38.457242900000,-82.676784000000|38.484153564920,-82.671589257474|38.477310566334,-82.667076176391|38.460700725412,-82.640525070666|38.466307526567,-82.627889024055|38.469961530846,-82.621550048531|38.439280286381,-82.609004376435|38.399014900000,-82.600931800000",
,29th & Lexington,29th Street & Lexington Ave,Ashland,KY,41101,Boyd,125-1390,,38.466307526567,-82.627889024055,5,Lexington Road Run 5: KY · J & R Diesel to Burnaugh,5,"Lexington, KY","29TH ST & LEXINGTON AVE, ASHLAND, KY, 41101",US Census geocoder,matched,Road-distance optimized using OSRM road network,https://www.google.com/maps/search/?api=1&query=38.466307526567%2C-82.627889024055,https://www.google.com/maps/search/?api=1&query=38.466307526567%2C-82.627889024055,"https://www.google.com/maps/dir/?api=1&origin=Lexington%2C+KY&destination=Lexington%2C+KY&travelmode=driving&waypoints=38.457242900000,-82.676784000000|38.484153564920,-82.671589257474|38.477310566334,-82.667076176391|38.460700725412,-82.640525070666|38.466307526567,-82.627889024055|38.469961530846,-82.621550048531|38.439280286381,-82.609004376435|38.399014900000,-82.600931800000",
43,Greenup Ave,3000 Greenup Ave,Ashland,KY,41101,Boyd,125-1390,56886,38.469961530846,-82.621550048531,5,Lexington Road Run 5: KY · J & R Diesel to Burnaugh,6,"Lexington, KY","3000 GREENUP AVE, ASHLAND, KY, 41101",US Census geocoder,matched,Road-distance optimized using OSRM road network,https://www.google.com/maps/search/?api=1&query=38.469961530846%2C-82.621550048531,https://www.google.com/maps/search/?api=1&query=38.469961530846%2C-82.621550048531,"https://www.google.com/maps/dir/?api=1&origin=Lexington%2C+KY&destination=Lexington%2C+KY&travelmode=driving&waypoints=38.457242900000,-82.676784000000|38.484153564920,-82.671589257474|38.477310566334,-82.667076176391|38.460700725412,-82.640525070666|38.466307526567,-82.627889024055|38.469961530846,-82.621550048531|38.439280286381,-82.609004376435|38.399014900000,-82.600931800000","John W. Clark Oil Company, Inc. Purchased Jan 13, 2026 DB 875 PG 167"
02,Catlettsburg,900 Center Street,Catlettsburg,KY,41129,Boyd,125-1390,56937,38.439280286381,-82.609004376435,5,Lexington Road Run 5: KY · J & R Diesel to Burnaugh,7,"Lexington, KY","900 CENTER ST, CATLETTSBURG, KY, 41129",US Census geocoder,matched,Road-distance optimized using OSRM road network,https://www.google.com/maps/search/?api=1&query=38.439280286381%2C-82.609004376435,https://www.google.com/maps/search/?api=1&query=38.439280286381%2C-82.609004376435,"https://www.google.com/maps/dir/?api=1&origin=Lexington%2C+KY&destination=Lexington%2C+KY&travelmode=driving&waypoints=38.457242900000,-82.676784000000|38.484153564920,-82.671589257474|38.477310566334,-82.667076176391|38.460700725412,-82.640525070666|38.466307526567,-82.627889024055|38.469961530846,-82.621550048531|38.439280286381,-82.609004376435|38.399014900000,-82.600931800000",
32,Burnaugh,28583 US 23,Catlettsburg,KY,41129,Boyd,125-1390,314,38.3990149,-82.6009318,5,Lexington Road Run 5: KY · J & R Diesel to Burnaugh,8,"Lexington, KY","Louisa Street, Catlettsburg, Boyd County, Kentucky, 25507, United States",OpenStreetMap Nominatim fallback,trunk,Road-distance optimized using OSRM road network,https://www.google.com/maps/search/?api=1&query=38.399014900000%2C-82.600931800000,https://www.google.com/maps/search/?api=1&query=38.399014900000%2C-82.600931800000,"https://www.google.com/maps/dir/?api=1&origin=Lexington%2C+KY&destination=Lexington%2C+KY&travelmode=driving&waypoints=38.457242900000,-82.676784000000|38.484153564920,-82.671589257474|38.477310566334,-82.667076176391|38.460700725412,-82.640525070666|38.466307526567,-82.627889024055|38.469961530846,-82.621550048531|38.439280286381,-82.609004376435|38.399014900000,-82.600931800000",
20,South Point,132 Co Rd 450,So. Point,OH,45680,Lawrence OH,125-1390,,38.451529832917,-82.591327523655,6,Lexington Road Run 6: KY/OH · South Point to Diederich,1,"Lexington, KY","132 CO RD 450, SOUTH POINT, OH, 45680",US Census geocoder,matched,Road-distance optimized using OSRM road network,https://www.google.com/maps/search/?api=1&query=38.451529832917%2C-82.591327523655,https://www.google.com/maps/search/?api=1&query=38.451529832917%2C-82.591327523655,"https://www.google.com/maps/dir/?api=1&origin=Lexington%2C+KY&destination=Lexington%2C+KY&travelmode=driving&waypoints=38.451529832917,-82.591327523655|38.502661673830,-82.602616728260|38.501694791007,-82.646289554426|38.512994300943,-82.658403902514|38.525087501240,-82.664892945284|38.552654005403,-82.610101520264|38.537376820201,-82.679438390331|38.504399100000,-82.691820000000",
JC50,Holliday Quik Stop - KASH,3302 St Rt 243,Ironton,OH,45631,Lawrence OH,,,38.50266167383,-82.60261672826,6,Lexington Road Run 6: KY/OH · South Point to Diederich,2,"Lexington, KY","3302 STATE RTE 243, IRONTON, OH, 45638",US Census geocoder,matched,Road-distance optimized using OSRM road network,https://www.google.com/maps/search/?api=1&query=38.502661673830%2C-82.602616728260,https://www.google.com/maps/search/?api=1&query=38.502661673830%2C-82.602616728260,"https://www.google.com/maps/dir/?api=1&origin=Lexington%2C+KY&destination=Lexington%2C+KY&travelmode=driving&waypoints=38.451529832917,-82.591327523655|38.502661673830,-82.602616728260|38.501694791007,-82.646289554426|38.512994300943,-82.658403902514|38.525087501240,-82.664892945284|38.552654005403,-82.610101520264|38.537376820201,-82.679438390331|38.504399100000,-82.691820000000",No previous Phase I
60,Coal Grove,409 Marion Pike,Coal Grove,OH,45637,Lawrence OH,125-1390,,38.501694791007,-82.646289554426,6,Lexington Road Run 6: KY/OH · South Point to Diederich,3,"Lexington, KY","409 MARION PIKE, COAL GROVE, OH, 45638",US Census geocoder,matched,Road-distance optimized using OSRM road network,https://www.google.com/maps/search/?api=1&query=38.501694791007%2C-82.646289554426,https://www.google.com/maps/search/?api=1&query=38.501694791007%2C-82.646289554426,"https://www.google.com/maps/dir/?api=1&origin=Lexington%2C+KY&destination=Lexington%2C+KY&travelmode=driving&waypoints=38.451529832917,-82.591327523655|38.502661673830,-82.602616728260|38.501694791007,-82.646289554426|38.512994300943,-82.658403902514|38.525087501240,-82.664892945284|38.552654005403,-82.610101520264|38.537376820201,-82.679438390331|38.504399100000,-82.691820000000",
BP27,Ironton,2913 S. 9TH STREET,Ironton,OH,45638,Lawrence OH,125-1390,,38.512994300943,-82.658403902514,6,Lexington Road Run 6: KY/OH · South Point to Diederich,4,"Lexington, KY","2913 S 9TH ST, IRONTON, OH, 45638",US Census geocoder,matched,Road-distance optimized using OSRM road network,https://www.google.com/maps/search/?api=1&query=38.512994300943%2C-82.658403902514,https://www.google.com/maps/search/?api=1&query=38.512994300943%2C-82.658403902514,"https://www.google.com/maps/dir/?api=1&origin=Lexington%2C+KY&destination=Lexington%2C+KY&travelmode=driving&waypoints=38.451529832917,-82.591327523655|38.502661673830,-82.602616728260|38.501694791007,-82.646289554426|38.512994300943,-82.658403902514|38.525087501240,-82.664892945284|38.552654005403,-82.610101520264|38.537376820201,-82.679438390331|38.504399100000,-82.691820000000",
46,University Mart,1813 Liberty Ave.,Ironton,OH,45638,Lawrence OH,125-1390,,38.52508750124,-82.664892945284,6,Lexington Road Run 6: KY/OH · South Point to Diederich,5,"Lexington, KY","1813 LIBERTY AVE, IRONTON, OH, 45638",US Census geocoder,matched,Road-distance optimized using OSRM road network,https://www.google.com/maps/search/?api=1&query=38.525087501240%2C-82.664892945284,https://www.google.com/maps/search/?api=1&query=38.525087501240%2C-82.664892945284,"https://www.google.com/maps/dir/?api=1&origin=Lexington%2C+KY&destination=Lexington%2C+KY&travelmode=driving&waypoints=38.451529832917,-82.591327523655|38.502661673830,-82.602616728260|38.501694791007,-82.646289554426|38.512994300943,-82.658403902514|38.525087501240,-82.664892945284|38.552654005403,-82.610101520264|38.537376820201,-82.679438390331|38.504399100000,-82.691820000000",
50,Stroble,5197 State Route 141,Ironton,OH,45638,Lawrence OH,125-1390,,38.552654005403,-82.610101520264,6,Lexington Road Run 6: KY/OH · South Point to Diederich,6,"Lexington, KY","5197 STATE RTE 141, IRONTON, OH, 45638",US Census geocoder,matched,Road-distance optimized using OSRM road network,https://www.google.com/maps/search/?api=1&query=38.552654005403%2C-82.610101520264,https://www.google.com/maps/search/?api=1&query=38.552654005403%2C-82.610101520264,"https://www.google.com/maps/dir/?api=1&origin=Lexington%2C+KY&destination=Lexington%2C+KY&travelmode=driving&waypoints=38.451529832917,-82.591327523655|38.502661673830,-82.602616728260|38.501694791007,-82.646289554426|38.512994300943,-82.658403902514|38.525087501240,-82.664892945284|38.552654005403,-82.610101520264|38.537376820201,-82.679438390331|38.504399100000,-82.691820000000",
37,Ironton,824 Park Ave,Ironton,OH,45638,Lawrence OH,125-1390,,38.537376820201,-82.679438390331,6,Lexington Road Run 6: KY/OH · South Point to Diederich,7,"Lexington, KY","824 PARK AVE, IRONTON, OH, 45638",US Census geocoder,matched,Road-distance optimized using OSRM road network,https://www.google.com/maps/search/?api=1&query=38.537376820201%2C-82.679438390331,https://www.google.com/maps/search/?api=1&query=38.537376820201%2C-82.679438390331,"https://www.google.com/maps/dir/?api=1&origin=Lexington%2C+KY&destination=Lexington%2C+KY&travelmode=driving&waypoints=38.451529832917,-82.591327523655|38.502661673830,-82.602616728260|38.501694791007,-82.646289554426|38.512994300943,-82.658403902514|38.525087501240,-82.664892945284|38.552654005403,-82.610101520264|38.537376820201,-82.679438390331|38.504399100000,-82.691820000000",
08,Diederich,1000 Diederich Blvd,Russell,KY,41169,Greenup,125-1390,66843,38.5043991,-82.69182,6,Lexington Road Run 6: KY/OH · South Point to Diederich,8,"Lexington, KY","1000, Diederich Boulevard, Riverview, Russell, Greenup County, Kentucky, 41101, United States",OpenStreetMap Nominatim fallback,house,Road-distance optimized using OSRM road network,https://www.google.com/maps/search/?api=1&query=38.504399100000%2C-82.691820000000,https://www.google.com/maps/search/?api=1&query=38.504399100000%2C-82.691820000000,"https://www.google.com/maps/dir/?api=1&origin=Lexington%2C+KY&destination=Lexington%2C+KY&travelmode=driving&waypoints=38.451529832917,-82.591327523655|38.502661673830,-82.602616728260|38.501694791007,-82.646289554426|38.512994300943,-82.658403902514|38.525087501240,-82.664892945284|38.552654005403,-82.610101520264|38.537376820201,-82.679438390331|38.504399100000,-82.691820000000",
51,Piedmont Pantry,4408 Piedmont Road,Huntington,WV,25704,Wayne,125-1390,,38.398013306772,-82.516453297453,7,Lexington Road Run 7: OH/WV · Piedmont Pantry to Chesapeake,1,"Lexington, KY","4408 PIEDMONT RD, HUNTINGTON, WV, 25704",US Census geocoder,matched,Road-distance optimized using OSRM road network,https://www.google.com/maps/search/?api=1&query=38.398013306772%2C-82.516453297453,https://www.google.com/maps/search/?api=1&query=38.398013306772%2C-82.516453297453,"https://www.google.com/maps/dir/?api=1&origin=Lexington%2C+KY&destination=Lexington%2C+KY&travelmode=driving&waypoints=38.398013306772,-82.516453297453|38.406100883449,-82.428171444247|38.424869447626,-82.392956232883|38.455452315980,-82.306736812846|38.457595760822,-82.338675656164|38.438401000000,-82.386657000000|38.418298874567,-82.502927853442|38.419200000000,-82.503296000000",
11,Hal Greer,1587 Hal Greer Blvd,Huntington,WV,25701,Cabell,125-1390,,38.406100883449,-82.428171444247,7,Lexington Road Run 7: OH/WV · Piedmont Pantry to Chesapeake,2,"Lexington, KY","1587 HAL GREER BLVD, HUNTINGTON, WV, 25701",US Census geocoder,matched,Road-distance optimized using OSRM road network,https://www.google.com/maps/search/?api=1&query=38.406100883449%2C-82.428171444247,https://www.google.com/maps/search/?api=1&query=38.406100883449%2C-82.428171444247,"https://www.google.com/maps/dir/?api=1&origin=Lexington%2C+KY&destination=Lexington%2C+KY&travelmode=driving&waypoints=38.398013306772,-82.516453297453|38.406100883449,-82.428171444247|38.424869447626,-82.392956232883|38.455452315980,-82.306736812846|38.457595760822,-82.338675656164|38.438401000000,-82.386657000000|38.418298874567,-82.502927853442|38.419200000000,-82.503296000000",
JC120,31st Convenience Plus,719 31ST Street,Huntington,WV,25702,Cabell,,,38.424869447626,-82.392956232883,7,Lexington Road Run 7: OH/WV · Piedmont Pantry to Chesapeake,3,"Lexington, KY","719 31ST ST, HUNTINGTON, WV, 25702",US Census geocoder,matched,Road-distance optimized using OSRM road network,https://www.google.com/maps/search/?api=1&query=38.424869447626%2C-82.392956232883,https://www.google.com/maps/search/?api=1&query=38.424869447626%2C-82.392956232883,"https://www.google.com/maps/dir/?api=1&origin=Lexington%2C+KY&destination=Lexington%2C+KY&travelmode=driving&waypoints=38.398013306772,-82.516453297453|38.406100883449,-82.428171444247|38.424869447626,-82.392956232883|38.455452315980,-82.306736812846|38.457595760822,-82.338675656164|38.438401000000,-82.386657000000|38.418298874567,-82.502927853442|38.419200000000,-82.503296000000",No previous Phase I
24,Huntington,4430 Ohio River Rd,Huntington,WV,25702,Cabell,125-1390,,38.45545231598,-82.306736812846,7,Lexington Road Run 7: OH/WV · Piedmont Pantry to Chesapeake,4,"Lexington, KY","4430 OHIO RIVER RD, HUNTINGTON, WV, 25702",US Census geocoder,matched,Road-distance optimized using OSRM road network,https://www.google.com/maps/search/?api=1&query=38.455452315980%2C-82.306736812846,https://www.google.com/maps/search/?api=1&query=38.455452315980%2C-82.306736812846,"https://www.google.com/maps/dir/?api=1&origin=Lexington%2C+KY&destination=Lexington%2C+KY&travelmode=driving&waypoints=38.398013306772,-82.516453297453|38.406100883449,-82.428171444247|38.424869447626,-82.392956232883|38.455452315980,-82.306736812846|38.457595760822,-82.338675656164|38.438401000000,-82.386657000000|38.418298874567,-82.502927853442|38.419200000000,-82.503296000000",
38,Proctorville,6288 St. Rt 7,Proctorville,OH,45669,Lawrence OH,125-1390,,38.457595760822,-82.338675656164,7,Lexington Road Run 7: OH/WV · Piedmont Pantry to Chesapeake,5,"Lexington, KY","6288 STATE RTE 7, PROCTORVILLE, OH, 45669",US Census geocoder,matched,Road-distance optimized using OSRM road network,https://www.google.com/maps/search/?api=1&query=38.457595760822%2C-82.338675656164,https://www.google.com/maps/search/?api=1&query=38.457595760822%2C-82.338675656164,"https://www.google.com/maps/dir/?api=1&origin=Lexington%2C+KY&destination=Lexington%2C+KY&travelmode=driving&waypoints=38.398013306772,-82.516453297453|38.406100883449,-82.428171444247|38.424869447626,-82.392956232883|38.455452315980,-82.306736812846|38.457595760822,-82.338675656164|38.438401000000,-82.386657000000|38.418298874567,-82.502927853442|38.419200000000,-82.503296000000",
25,Proctorville,7575 St Rt 7,Proctorville,OH,45669,Lawrence OH,125-1390,,38.438401,-82.386657,7,Lexington Road Run 7: OH/WV · Piedmont Pantry to Chesapeake,6,"Lexington, KY",Manual pin from Robert,User provided coordinates,Manual verified,Road-distance optimized using OSRM road network,https://www.google.com/maps/search/?api=1&query=38.438401000000%2C-82.386657000000,https://www.google.com/maps/search/?api=1&query=38.438401000000%2C-82.386657000000,"https://www.google.com/maps/dir/?api=1&origin=Lexington%2C+KY&destination=Lexington%2C+KY&travelmode=driving&waypoints=38.398013306772,-82.516453297453|38.406100883449,-82.428171444247|38.424869447626,-82.392956232883|38.455452315980,-82.306736812846|38.457595760822,-82.338675656164|38.438401000000,-82.386657000000|38.418298874567,-82.502927853442|38.419200000000,-82.503296000000",
South Point Car Wash,Car Wash,9182 Co. Rd 1,South Point,OH,45680,"Lawrence, OH",125-1390,,38.418298874567,-82.502927853442,7,Lexington Road Run 7: OH/WV · Piedmont Pantry to Chesapeake,7,"Lexington, KY","9182 CO RD 1, SOUTH POINT, OH, 45680",US Census geocoder,matched,Road-distance optimized using OSRM road network,https://www.google.com/maps/search/?api=1&query=38.418298874567%2C-82.502927853442,https://www.google.com/maps/search/?api=1&query=38.418298874567%2C-82.502927853442,"https://www.google.com/maps/dir/?api=1&origin=Lexington%2C+KY&destination=Lexington%2C+KY&travelmode=driving&waypoints=38.398013306772,-82.516453297453|38.406100883449,-82.428171444247|38.424869447626,-82.392956232883|38.455452315980,-82.306736812846|38.457595760822,-82.338675656164|38.438401000000,-82.386657000000|38.418298874567,-82.502927853442|38.419200000000,-82.503296000000",Across the street from Station 26
26,Chesapeake,2927 Co Rd 44,So. Point,OH,45680,Lawrence OH,125-1390,,38.4192,-82.503296,7,Lexington Road Run 7: OH/WV · Piedmont Pantry to Chesapeake,8,"Lexington, KY",Manual pin from Robert,User provided coordinates,Manual verified,Road-distance optimized using OSRM road network,https://www.google.com/maps/search/?api=1&query=38.419200000000%2C-82.503296000000,https://www.google.com/maps/search/?api=1&query=38.419200000000%2C-82.503296000000,"https://www.google.com/maps/dir/?api=1&origin=Lexington%2C+KY&destination=Lexington%2C+KY&travelmode=driving&waypoints=38.398013306772,-82.516453297453|38.406100883449,-82.428171444247|38.424869447626,-82.392956232883|38.455452315980,-82.306736812846|38.457595760822,-82.338675656164|38.438401000000,-82.386657000000|38.418298874567,-82.502927853442|38.419200000000,-82.503296000000",
PAR001,Param Oil,3686 KY RT 1,Grayson,KY,41143,Carter,,62777,38.286390139164,-82.919059418731,8,Lexington Road Run 8: KY · Param Oil to Olive Hill,1,"Lexington, KY","3686 S STATE HWY 1, GRAYSON, KY, 41143",US Census geocoder,matched,Road-distance optimized using OSRM road network,https://www.google.com/maps/search/?api=1&query=38.286390139164%2C-82.919059418731,https://www.google.com/maps/search/?api=1&query=38.286390139164%2C-82.919059418731,"https://www.google.com/maps/dir/?api=1&origin=Lexington%2C+KY&destination=Lexington%2C+KY&travelmode=driving&waypoints=38.286390139164,-82.919059418731|38.326594329486,-82.947509174543|38.341903900000,-82.943723300000|38.361382240000,-82.772809270000|38.356866630000,-82.696739140000|38.379018895712,-82.702951075321|38.370254641789,-82.765411068432|38.419066000000,-83.145297000000",No previous Phase I
52,Grayson,311 N. Carol Malone,Grayson,KY,41143,Carter,125-1390,62782,38.326594329486,-82.947509174543,8,Lexington Road Run 8: KY · Param Oil to Olive Hill,2,"Lexington, KY","311 CAROL MALONE BLVD, GRAYSON, KY, 41143",US Census geocoder,matched,Road-distance optimized using OSRM road network,https://www.google.com/maps/search/?api=1&query=38.326594329486%2C-82.947509174543,https://www.google.com/maps/search/?api=1&query=38.326594329486%2C-82.947509174543,"https://www.google.com/maps/dir/?api=1&origin=Lexington%2C+KY&destination=Lexington%2C+KY&travelmode=driving&waypoints=38.286390139164,-82.919059418731|38.326594329486,-82.947509174543|38.341903900000,-82.943723300000|38.361382240000,-82.772809270000|38.356866630000,-82.696739140000|38.379018895712,-82.702951075321|38.370254641789,-82.765411068432|38.419066000000,-83.145297000000",
BP66,Grayson,190 McClave Street,Grayson,KY,41173,Carter,125-1390,717,38.3419039,-82.9437233,8,Lexington Road Run 8: KY · Param Oil to Olive Hill,3,"Lexington, KY","McClave Street, Grayson, Carter County, Kentucky, 41143, United States",OpenStreetMap Nominatim fallback,residential,Road-distance optimized using OSRM road network,https://www.google.com/maps/search/?api=1&query=38.341903900000%2C-82.943723300000,https://www.google.com/maps/search/?api=1&query=38.341903900000%2C-82.943723300000,"https://www.google.com/maps/dir/?api=1&origin=Lexington%2C+KY&destination=Lexington%2C+KY&travelmode=driving&waypoints=38.286390139164,-82.919059418731|38.326594329486,-82.947509174543|38.341903900000,-82.943723300000|38.361382240000,-82.772809270000|38.356866630000,-82.696739140000|38.379018895712,-82.702951075321|38.370254641789,-82.765411068432|38.419066000000,-83.145297000000",
75,Rush,9822 E. US Highway 60,Rush,KY,41168,Carter,125-1390,62808,38.36138224,-82.77280927,8,Lexington Road Run 8: KY · Param Oil to Olive Hill,4,"Lexington, KY","Clarks Pump N Shop 75 Ro 3823, 9822 US 60, Rush",KY TEMPO Agency Interests,AI geometry,Road-distance optimized using OSRM road network,https://www.google.com/maps/search/?api=1&query=38.361382240000%2C-82.772809270000,https://www.google.com/maps/search/?api=1&query=38.361382240000%2C-82.772809270000,"https://www.google.com/maps/dir/?api=1&origin=Lexington%2C+KY&destination=Lexington%2C+KY&travelmode=driving&waypoints=38.286390139164,-82.919059418731|38.326594329486,-82.947509174543|38.341903900000,-82.943723300000|38.361382240000,-82.772809270000|38.356866630000,-82.696739140000|38.379018895712,-82.702951075321|38.370254641789,-82.765411068432|38.419066000000,-83.145297000000",
42,Route 3,2100 St. Rt 3,Catlettsburg,KY,41129,Boyd,125-1390,56921,38.35686663,-82.69673914,8,Lexington Road Run 8: KY · Param Oil to Olive Hill,5,"Lexington, KY","Clarks Pump N Shop #42, 2300 KY 3, Catlettsburg",KY TEMPO Agency Interests,AI geometry,Road-distance optimized using OSRM road network,https://www.google.com/maps/search/?api=1&query=38.356866630000%2C-82.696739140000,https://www.google.com/maps/search/?api=1&query=38.356866630000%2C-82.696739140000,"https://www.google.com/maps/dir/?api=1&origin=Lexington%2C+KY&destination=Lexington%2C+KY&travelmode=driving&waypoints=38.286390139164,-82.919059418731|38.326594329486,-82.947509174543|38.341903900000,-82.943723300000|38.361382240000,-82.772809270000|38.356866630000,-82.696739140000|38.379018895712,-82.702951075321|38.370254641789,-82.765411068432|38.419066000000,-83.145297000000",
,Boyd Co School Bus Garage,12219 Midland Trail Rd,Cannonsburg,KY,41102,Boyd,,56929,38.379018895712,-82.702951075321,8,Lexington Road Run 8: KY · Param Oil to Olive Hill,6,"Lexington, KY","12219 MIDLAND TRAIL RD, ASHLAND, KY, 41102",US Census geocoder,matched,Road-distance optimized using OSRM road network,https://www.google.com/maps/search/?api=1&query=38.379018895712%2C-82.702951075321,https://www.google.com/maps/search/?api=1&query=38.379018895712%2C-82.702951075321,"https://www.google.com/maps/dir/?api=1&origin=Lexington%2C+KY&destination=Lexington%2C+KY&travelmode=driving&waypoints=38.286390139164,-82.919059418731|38.326594329486,-82.947509174543|38.341903900000,-82.943723300000|38.361382240000,-82.772809270000|38.356866630000,-82.696739140000|38.379018895712,-82.702951075321|38.370254641789,-82.765411068432|38.419066000000,-83.145297000000",No previous Phase I
58,Exit 181,1965 US Route 60,Rush,KY,41168,Boyd,125-1390,56946,38.370254641789,-82.765411068432,8,Lexington Road Run 8: KY · Param Oil to Olive Hill,7,"Lexington, KY","1965 US HWY 60, RUSH, KY, 41168",US Census geocoder,matched,Road-distance optimized using OSRM road network,https://www.google.com/maps/search/?api=1&query=38.370254641789%2C-82.765411068432,https://www.google.com/maps/search/?api=1&query=38.370254641789%2C-82.765411068432,"https://www.google.com/maps/dir/?api=1&origin=Lexington%2C+KY&destination=Lexington%2C+KY&travelmode=driving&waypoints=38.286390139164,-82.919059418731|38.326594329486,-82.947509174543|38.341903900000,-82.943723300000|38.361382240000,-82.772809270000|38.356866630000,-82.696739140000|38.379018895712,-82.702951075321|38.370254641789,-82.765411068432|38.419066000000,-83.145297000000",
56,Olive Hill,10824 West US 60,Olive Hill,KY,41164,Carter,125-1390,62740,38.419066,-83.145297,8,Lexington Road Run 8: KY · Param Oil to Olive Hill,8,"Lexington, KY","Clarks Pump N Shop #56, 10824 W US 60, Olive Hill",KY TEMPO Agency Interests,AI geometry,Road-distance optimized using OSRM road network,https://www.google.com/maps/search/?api=1&query=38.419066000000%2C-83.145297000000,https://www.google.com/maps/search/?api=1&query=38.419066000000%2C-83.145297000000,"https://www.google.com/maps/dir/?api=1&origin=Lexington%2C+KY&destination=Lexington%2C+KY&travelmode=driving&waypoints=38.286390139164,-82.919059418731|38.326594329486,-82.947509174543|38.341903900000,-82.943723300000|38.361382240000,-82.772809270000|38.356866630000,-82.696739140000|38.379018895712,-82.702951075321|38.370254641789,-82.765411068432|38.419066000000,-83.145297000000",
BP49,Louisa,203 KY 3,Louisa,KY,41230,Lawrence KY,125-1390,38882,38.113858310239,-82.604726734455,9,Lexington Road Run 9: KY/WV · Louisa to Greenhills,1,"Lexington, KY","203 STATE HWY 3, LOUISA, KY, 41230",US Census geocoder,matched,Road-distance optimized using OSRM road network,https://www.google.com/maps/search/?api=1&query=38.113858310239%2C-82.604726734455,https://www.google.com/maps/search/?api=1&query=38.113858310239%2C-82.604726734455,"https://www.google.com/maps/dir/?api=1&origin=Lexington%2C+KY&destination=Lexington%2C+KY&travelmode=driving&waypoints=38.113858310239,-82.604726734455|38.104999000000,-82.571261000000|38.230093064616,-82.439809594392|38.322177000000,-82.445655000000|38.457723898283,-82.666764931299|38.453642600000,-82.673050400000|38.455833000000,-82.695278000000|38.439909197444,-82.705132481059",
JC80,Paddle Creek,569 RTE 52,Fort Gay,WV,25514,Wayne,,,38.104999,-82.571261,9,Lexington Road Run 9: KY/WV · Louisa to Greenhills,2,"Lexington, KY",Manual pin from Robert,User provided coordinates,Manual verified,Road-distance optimized using OSRM road network,https://www.google.com/maps/search/?api=1&query=38.104999000000%2C-82.571261000000,https://www.google.com/maps/search/?api=1&query=38.104999000000%2C-82.571261000000,"https://www.google.com/maps/dir/?api=1&origin=Lexington%2C+KY&destination=Lexington%2C+KY&travelmode=driving&waypoints=38.113858310239,-82.604726734455|38.104999000000,-82.571261000000|38.230093064616,-82.439809594392|38.322177000000,-82.445655000000|38.457723898283,-82.666764931299|38.453642600000,-82.673050400000|38.455833000000,-82.695278000000|38.439909197444,-82.705132481059",No previous Phase I
06,Wayne,10045 Rt 152,Wayne,WV,25570,Wayne,125-1390,,38.230093064616,-82.439809594392,9,Lexington Road Run 9: KY/WV · Louisa to Greenhills,3,"Lexington, KY","10045 STATE RTE 152, WAYNE, WV, 25570",US Census geocoder,matched,Road-distance optimized using OSRM road network,https://www.google.com/maps/search/?api=1&query=38.230093064616%2C-82.439809594392,https://www.google.com/maps/search/?api=1&query=38.230093064616%2C-82.439809594392,"https://www.google.com/maps/dir/?api=1&origin=Lexington%2C+KY&destination=Lexington%2C+KY&travelmode=driving&waypoints=38.113858310239,-82.604726734455|38.104999000000,-82.571261000000|38.230093064616,-82.439809594392|38.322177000000,-82.445655000000|38.457723898283,-82.666764931299|38.453642600000,-82.673050400000|38.455833000000,-82.695278000000|38.439909197444,-82.705132481059",
15,Lavalette,4790 St Rt 152,Lavalette,WV,25535,Wayne,125-1390,,38.322177,-82.445655,9,Lexington Road Run 9: KY/WV · Louisa to Greenhills,4,"Lexington, KY",Manual pin from Robert,User provided coordinates,Manual verified,Road-distance optimized using OSRM road network,https://www.google.com/maps/search/?api=1&query=38.322177000000%2C-82.445655000000,https://www.google.com/maps/search/?api=1&query=38.322177000000%2C-82.445655000000,"https://www.google.com/maps/dir/?api=1&origin=Lexington%2C+KY&destination=Lexington%2C+KY&travelmode=driving&waypoints=38.113858310239,-82.604726734455|38.104999000000,-82.571261000000|38.230093064616,-82.439809594392|38.322177000000,-82.445655000000|38.457723898283,-82.666764931299|38.453642600000,-82.673050400000|38.455833000000,-82.695278000000|38.439909197444,-82.705132481059",
23,13th Street,3354 13th Street,Ashland,KY,41102,Boyd,125-1390,56960,38.457723898283,-82.666764931299,9,Lexington Road Run 9: KY/WV · Louisa to Greenhills,5,"Lexington, KY","3354 13TH ST, ASHLAND, KY, 41102",US Census geocoder,matched,Road-distance optimized using OSRM road network,https://www.google.com/maps/search/?api=1&query=38.457723898283%2C-82.666764931299,https://www.google.com/maps/search/?api=1&query=38.457723898283%2C-82.666764931299,"https://www.google.com/maps/dir/?api=1&origin=Lexington%2C+KY&destination=Lexington%2C+KY&travelmode=driving&waypoints=38.113858310239,-82.604726734455|38.104999000000,-82.571261000000|38.230093064616,-82.439809594392|38.322177000000,-82.445655000000|38.457723898283,-82.666764931299|38.453642600000,-82.673050400000|38.455833000000,-82.695278000000|38.439909197444,-82.705132481059",
21,JF Clark,12649 US 60,Ashland,KY,41102,Boyd,125-1390,56922,38.4536426,-82.6730504,9,Lexington Road Run 9: KY/WV · Louisa to Greenhills,6,"Lexington, KY","13th Street, Ashland, Boyd County, Kentucky, 41102, United States",OpenStreetMap Nominatim fallback,primary,Road-distance optimized using OSRM road network,https://www.google.com/maps/search/?api=1&query=38.453642600000%2C-82.673050400000,https://www.google.com/maps/search/?api=1&query=38.453642600000%2C-82.673050400000,"https://www.google.com/maps/dir/?api=1&origin=Lexington%2C+KY&destination=Lexington%2C+KY&travelmode=driving&waypoints=38.113858310239,-82.604726734455|38.104999000000,-82.571261000000|38.230093064616,-82.439809594392|38.322177000000,-82.445655000000|38.457723898283,-82.666764931299|38.453642600000,-82.673050400000|38.455833000000,-82.695278000000|38.439909197444,-82.705132481059",
73,Clarks Café,Donta Road,Ashland,KY,41105,Boyd,,331,38.455833,-82.695278,9,Lexington Road Run 9: KY/WV · Louisa to Greenhills,7,"Lexington, KY","Clarks Pump-N-Shop #27, 244 W Donta Rd, Ashland",KY TEMPO Agency Interests,AI geometry,Road-distance optimized using OSRM road network,https://www.google.com/maps/search/?api=1&query=38.455833000000%2C-82.695278000000,https://www.google.com/maps/search/?api=1&query=38.455833000000%2C-82.695278000000,"https://www.google.com/maps/dir/?api=1&origin=Lexington%2C+KY&destination=Lexington%2C+KY&travelmode=driving&waypoints=38.113858310239,-82.604726734455|38.104999000000,-82.571261000000|38.230093064616,-82.439809594392|38.322177000000,-82.445655000000|38.457723898283,-82.666764931299|38.453642600000,-82.673050400000|38.455833000000,-82.695278000000|38.439909197444,-82.705132481059",No previous Phase I
49,Greenhills,373 St Rt. 716,Ashland,KY,41102,Boyd,125-1390,56920,38.439909197444,-82.705132481059,9,Lexington Road Run 9: KY/WV · Louisa to Greenhills,8,"Lexington, KY","373 STATE RTE 716, ASHLAND, KY, 41102",US Census geocoder,matched,Road-distance optimized using OSRM road network,https://www.google.com/maps/search/?api=1&query=38.439909197444%2C-82.705132481059,https://www.google.com/maps/search/?api=1&query=38.439909197444%2C-82.705132481059,"https://www.google.com/maps/dir/?api=1&origin=Lexington%2C+KY&destination=Lexington%2C+KY&travelmode=driving&waypoints=38.113858310239,-82.604726734455|38.104999000000,-82.571261000000|38.230093064616,-82.439809594392|38.322177000000,-82.445655000000|38.457723898283,-82.666764931299|38.453642600000,-82.673050400000|38.455833000000,-82.695278000000|38.439909197444,-82.705132481059",
57,Winchester Road,922 Detroit Ave,Lexington,KY,40505,Fayette,125-1390,134677,38.04117400934,-84.471186301457,10,Lexington Road Run 10: KY · Winchester Road to Marathon Food Mart CC3,1,"Lexington, KY","922 DETROIT AVE, LEXINGTON, KY, 40505",US Census geocoder,matched,Road-distance optimized using OSRM road network,https://www.google.com/maps/search/?api=1&query=38.041174009340%2C-84.471186301457,https://www.google.com/maps/search/?api=1&query=38.041174009340%2C-84.471186301457,"https://www.google.com/maps/dir/?api=1&origin=Lexington%2C+KY&destination=Lexington%2C+KY&travelmode=driving&waypoints=38.041174009340,-84.471186301457|38.069720319089,-84.474923978332|38.088131399617,-84.548607642383|38.089253912797,-84.536736457289|38.061167811605,-84.516732728320|38.057889739685,-84.532293904374|38.049468115848,-84.527226966676|38.050013921372,-84.517664633703",
44,Russell Cave,313 West New Circle Rd.,Lexington,KY,40502,Fayette,125-1390,62094,38.069720319089,-84.474923978332,10,Lexington Road Run 10: KY · Winchester Road to Marathon Food Mart CC3,2,"Lexington, KY","313 W NEW CIRCLE RD, LEXINGTON, KY, 40505",US Census geocoder,matched,Road-distance optimized using OSRM road network,https://www.google.com/maps/search/?api=1&query=38.069720319089%2C-84.474923978332,https://www.google.com/maps/search/?api=1&query=38.069720319089%2C-84.474923978332,"https://www.google.com/maps/dir/?api=1&origin=Lexington%2C+KY&destination=Lexington%2C+KY&travelmode=driving&waypoints=38.041174009340,-84.471186301457|38.069720319089,-84.474923978332|38.088131399617,-84.548607642383|38.089253912797,-84.536736457289|38.061167811605,-84.516732728320|38.057889739685,-84.532293904374|38.049468115848,-84.527226966676|38.050013921372,-84.517664633703",
87,Lucille Dr.,100 Lucille Dr,Lexington,KY,40511,Fayette,125-1390,176832,38.088131399617,-84.548607642383,10,Lexington Road Run 10: KY · Winchester Road to Marathon Food Mart CC3,3,"Lexington, KY","100 LUCILLE DR, LEXINGTON, KY, 40511",US Census geocoder,matched,Road-distance optimized using OSRM road network,https://www.google.com/maps/search/?api=1&query=38.088131399617%2C-84.548607642383,https://www.google.com/maps/search/?api=1&query=38.088131399617%2C-84.548607642383,"https://www.google.com/maps/dir/?api=1&origin=Lexington%2C+KY&destination=Lexington%2C+KY&travelmode=driving&waypoints=38.041174009340,-84.471186301457|38.069720319089,-84.474923978332|38.088131399617,-84.548607642383|38.089253912797,-84.536736457289|38.061167811605,-84.516732728320|38.057889739685,-84.532293904374|38.049468115848,-84.527226966676|38.050013921372,-84.517664633703",
79,Sandersville Rd.,2670 Sandersville Rd,Lexington,KY,40511,Fayette,125-1390,176831,38.089253912797,-84.536736457289,10,Lexington Road Run 10: KY · Winchester Road to Marathon Food Mart CC3,4,"Lexington, KY","2670 SANDERSVILLE RD, LEXINGTON, KY, 40511",US Census geocoder,matched,Road-distance optimized using OSRM road network,https://www.google.com/maps/search/?api=1&query=38.089253912797%2C-84.536736457289,https://www.google.com/maps/search/?api=1&query=38.089253912797%2C-84.536736457289,"https://www.google.com/maps/dir/?api=1&origin=Lexington%2C+KY&destination=Lexington%2C+KY&travelmode=driving&waypoints=38.041174009340,-84.471186301457|38.069720319089,-84.474923978332|38.088131399617,-84.548607642383|38.089253912797,-84.536736457289|38.061167811605,-84.516732728320|38.057889739685,-84.532293904374|38.049468115848,-84.527226966676|38.050013921372,-84.517664633703",
BPI590145,Palumbo Lumber Co.,1120 W. Main St,Lexington,KY,40508,Fayette,,62060,38.061167811605,-84.51673272832,10,Lexington Road Run 10: KY · Winchester Road to Marathon Food Mart CC3,5,"Lexington, KY","1120 W MAIN ST, LEXINGTON, KY, 40508",US Census geocoder,matched,Road-distance optimized using OSRM road network,https://www.google.com/maps/search/?api=1&query=38.061167811605%2C-84.516732728320,https://www.google.com/maps/search/?api=1&query=38.061167811605%2C-84.516732728320,"https://www.google.com/maps/dir/?api=1&origin=Lexington%2C+KY&destination=Lexington%2C+KY&travelmode=driving&waypoints=38.041174009340,-84.471186301457|38.069720319089,-84.474923978332|38.088131399617,-84.548607642383|38.089253912797,-84.536736457289|38.061167811605,-84.516732728320|38.057889739685,-84.532293904374|38.049468115848,-84.527226966676|38.050013921372,-84.517664633703",No previous Phase I
BP59,Lexington,720 Phillips Lane,Lexington,KY,40504,Fayette,125-1390,1080,38.057889739685,-84.532293904374,10,Lexington Road Run 10: KY · Winchester Road to Marathon Food Mart CC3,6,"Lexington, KY","720 PHILLIPS LN, LEXINGTON, KY, 40504",US Census geocoder,matched,Road-distance optimized using OSRM road network,https://www.google.com/maps/search/?api=1&query=38.057889739685%2C-84.532293904374,https://www.google.com/maps/search/?api=1&query=38.057889739685%2C-84.532293904374,"https://www.google.com/maps/dir/?api=1&origin=Lexington%2C+KY&destination=Lexington%2C+KY&travelmode=driving&waypoints=38.041174009340,-84.471186301457|38.069720319089,-84.474923978332|38.088131399617,-84.548607642383|38.089253912797,-84.536736457289|38.061167811605,-84.516732728320|38.057889739685,-84.532293904374|38.049468115848,-84.527226966676|38.050013921372,-84.517664633703",
59,Versailles Rd,1419 Versailles Rd,Lexington,KY,40504,Fayette,125-1390,133879,38.049468115848,-84.527226966676,10,Lexington Road Run 10: KY · Winchester Road to Marathon Food Mart CC3,7,"Lexington, KY","1419 VERSAILLES RD, LEXINGTON, KY, 40504",US Census geocoder,matched,Road-distance optimized using OSRM road network,https://www.google.com/maps/search/?api=1&query=38.049468115848%2C-84.527226966676,https://www.google.com/maps/search/?api=1&query=38.049468115848%2C-84.527226966676,"https://www.google.com/maps/dir/?api=1&origin=Lexington%2C+KY&destination=Lexington%2C+KY&travelmode=driving&waypoints=38.041174009340,-84.471186301457|38.069720319089,-84.474923978332|38.088131399617,-84.548607642383|38.089253912797,-84.536736457289|38.061167811605,-84.516732728320|38.057889739685,-84.532293904374|38.049468115848,-84.527226966676|38.050013921372,-84.517664633703",
CC3,Marathon Food Mart CC3,1150 Versailles Rd,Lexington,KY,40508,Fayette,,62112,38.050013921372,-84.517664633703,10,Lexington Road Run 10: KY · Winchester Road to Marathon Food Mart CC3,8,"Lexington, KY","1150 VERSAILLES RD, LEXINGTON, KY, 40508",US Census geocoder,matched,Road-distance optimized using OSRM road network,https://www.google.com/maps/search/?api=1&query=38.050013921372%2C-84.517664633703,https://www.google.com/maps/search/?api=1&query=38.050013921372%2C-84.517664633703,"https://www.google.com/maps/dir/?api=1&origin=Lexington%2C+KY&destination=Lexington%2C+KY&travelmode=driving&waypoints=38.041174009340,-84.471186301457|38.069720319089,-84.474923978332|38.088131399617,-84.548607642383|38.089253912797,-84.536736457289|38.061167811605,-84.516732728320|38.057889739685,-84.532293904374|38.049468115848,-84.527226966676|38.050013921372,-84.517664633703",No previous Phase I
89,Berea,274 Paint Lick Rd.,Berea,KY,40403,Madison,125-1390,49459,37.568914134966,-84.318334423585,11,Lexington Road Run 11: KY · Berea to MOREHEAD,1,"Lexington, KY","274 PAINT LICK RD, BEREA, KY, 40403",US Census geocoder,matched,Road-distance optimized using OSRM road network,https://www.google.com/maps/search/?api=1&query=37.568914134966%2C-84.318334423585,https://www.google.com/maps/search/?api=1&query=37.568914134966%2C-84.318334423585,"https://www.google.com/maps/dir/?api=1&origin=Lexington%2C+KY&destination=Lexington%2C+KY&travelmode=driving&waypoints=37.568914134966,-84.318334423585|37.997286549092,-84.174907557413|37.997919980046,-84.174585333820|37.921975577639,-83.259926259428|38.068642353245,-83.162032442735|38.088564000000,-83.125662600000|38.296635214434,-83.180232185203|38.182622042618,-83.431688139099",
81,Winchester,201 N Main St,Winchester,KY,40391,Clark,125-1390,62565,37.997286549092,-84.174907557413,11,Lexington Road Run 11: KY · Berea to MOREHEAD,2,"Lexington, KY","201 N MAIN ST, WINCHESTER, KY, 40391",US Census geocoder,matched,Road-distance optimized using OSRM road network,https://www.google.com/maps/search/?api=1&query=37.997286549092%2C-84.174907557413,https://www.google.com/maps/search/?api=1&query=37.997286549092%2C-84.174907557413,"https://www.google.com/maps/dir/?api=1&origin=Lexington%2C+KY&destination=Lexington%2C+KY&travelmode=driving&waypoints=37.568914134966,-84.318334423585|37.997286549092,-84.174907557413|37.997919980046,-84.174585333820|37.921975577639,-83.259926259428|38.068642353245,-83.162032442735|38.088564000000,-83.125662600000|38.296635214434,-83.180232185203|38.182622042618,-83.431688139099",
BP69,Winchester,221 N Main Street,Winchester,KY,40391,Clark,125-1390,,37.997919980046,-84.17458533382,11,Lexington Road Run 11: KY · Berea to MOREHEAD,3,"Lexington, KY","221 N MAIN ST, WINCHESTER, KY, 40391",US Census geocoder,matched,Road-distance optimized using OSRM road network,https://www.google.com/maps/search/?api=1&query=37.997919980046%2C-84.174585333820,https://www.google.com/maps/search/?api=1&query=37.997919980046%2C-84.174585333820,"https://www.google.com/maps/dir/?api=1&origin=Lexington%2C+KY&destination=Lexington%2C+KY&travelmode=driving&waypoints=37.568914134966,-84.318334423585|37.997286549092,-84.174907557413|37.997919980046,-84.174585333820|37.921975577639,-83.259926259428|38.068642353245,-83.162032442735|38.088564000000,-83.125662600000|38.296635214434,-83.180232185203|38.182622042618,-83.431688139099",
28,West Liberty,607 N. Main St,West Liberty,KY,41472,Morgan,125-1390,67920,37.921975577639,-83.259926259428,11,Lexington Road Run 11: KY · Berea to MOREHEAD,4,"Lexington, KY","607 MAIN ST, WEST LIBERTY, KY, 41472",US Census geocoder,matched,Road-distance optimized using OSRM road network,https://www.google.com/maps/search/?api=1&query=37.921975577639%2C-83.259926259428,https://www.google.com/maps/search/?api=1&query=37.921975577639%2C-83.259926259428,"https://www.google.com/maps/dir/?api=1&origin=Lexington%2C+KY&destination=Lexington%2C+KY&travelmode=driving&waypoints=37.568914134966,-84.318334423585|37.997286549092,-84.174907557413|37.997919980046,-84.174585333820|37.921975577639,-83.259926259428|38.068642353245,-83.162032442735|38.088564000000,-83.125662600000|38.296635214434,-83.180232185203|38.182622042618,-83.431688139099",
JC102,T's Quick Stop,203 Old Rt 7 (RT 1 Box 2112),Sandy Hook,KY,41171,Elliot,,62273,38.068642353245,-83.162032442735,11,Lexington Road Run 11: KY · Berea to MOREHEAD,5,"Lexington, KY","203 STATE HWY 7, SANDY HOOK, KY, 41171",US Census geocoder,matched,Road-distance optimized using OSRM road network,https://www.google.com/maps/search/?api=1&query=38.068642353245%2C-83.162032442735,https://www.google.com/maps/search/?api=1&query=38.068642353245%2C-83.162032442735,"https://www.google.com/maps/dir/?api=1&origin=Lexington%2C+KY&destination=Lexington%2C+KY&travelmode=driving&waypoints=37.568914134966,-84.318334423585|37.997286549092,-84.174907557413|37.997919980046,-84.174585333820|37.921975577639,-83.259926259428|38.068642353245,-83.162032442735|38.088564000000,-83.125662600000|38.296635214434,-83.180232185203|38.182622042618,-83.431688139099",No previous Phase I
JC92,Robo's Country Cabin,371 KY 7,Sandy Hook,KY,41171,Elliot,,62272,38.088564,-83.1256626,11,Lexington Road Run 11: KY · Berea to MOREHEAD,6,"Lexington, KY","KY 7;KY 32, Bell City, Sandy Hook, Elliott County, Kentucky, 41171, United States",OpenStreetMap Nominatim fallback,primary,Road-distance optimized using OSRM road network,https://www.google.com/maps/search/?api=1&query=38.088564000000%2C-83.125662600000,https://www.google.com/maps/search/?api=1&query=38.088564000000%2C-83.125662600000,"https://www.google.com/maps/dir/?api=1&origin=Lexington%2C+KY&destination=Lexington%2C+KY&travelmode=driving&waypoints=37.568914134966,-84.318334423585|37.997286549092,-84.174907557413|37.997919980046,-84.174585333820|37.921975577639,-83.259926259428|38.068642353245,-83.162032442735|38.088564000000,-83.125662600000|38.296635214434,-83.180232185203|38.182622042618,-83.431688139099",No previous Phase I
NA,Olive Hill Marathon,424 W Tom T Hall Blvd,Olive Hill,KY,41164,Carter,,62783,38.296635214434,-83.180232185203,11,Lexington Road Run 11: KY · Berea to MOREHEAD,7,"Lexington, KY","424 TOM T HALL BLVD, OLIVE HILL, KY, 41164",US Census geocoder,matched,Road-distance optimized using OSRM road network,https://www.google.com/maps/search/?api=1&query=38.296635214434%2C-83.180232185203,https://www.google.com/maps/search/?api=1&query=38.296635214434%2C-83.180232185203,"https://www.google.com/maps/dir/?api=1&origin=Lexington%2C+KY&destination=Lexington%2C+KY&travelmode=driving&waypoints=37.568914134966,-84.318334423585|37.997286549092,-84.174907557413|37.997919980046,-84.174585333820|37.921975577639,-83.259926259428|38.068642353245,-83.162032442735|38.088564000000,-83.125662600000|38.296635214434,-83.180232185203|38.182622042618,-83.431688139099",No previous Phase I
BP10,MOREHEAD,218 Rowan Street,Morehead,KY,40351,Rowan,125-1390,3863,38.182622042618,-83.431688139099,11,Lexington Road Run 11: KY · Berea to MOREHEAD,8,"Lexington, KY","218 ROWAN ST, MOREHEAD, KY, 40351",US Census geocoder,matched,Road-distance optimized using OSRM road network,https://www.google.com/maps/search/?api=1&query=38.182622042618%2C-83.431688139099,https://www.google.com/maps/search/?api=1&query=38.182622042618%2C-83.431688139099,"https://www.google.com/maps/dir/?api=1&origin=Lexington%2C+KY&destination=Lexington%2C+KY&travelmode=driving&waypoints=37.568914134966,-84.318334423585|37.997286549092,-84.174907557413|37.997919980046,-84.174585333820|37.921975577639,-83.259926259428|38.068642353245,-83.162032442735|38.088564000000,-83.125662600000|38.296635214434,-83.180232185203|38.182622042618,-83.431688139099",
